Date,Mean Temperature,PM10,SO2
2020-03-24,12.5,35.71,6.66
2020-03-25,7.5,23.64,8.33
2020-03-26,11.0,27.37,6.23
2020-03-27,14.5,33.49,6.91
2020-03-28,17.0,31.94,5.88
2020-03-29,9.5,20.23,6.53
2020-03-30,7.0,8.71,6.6
2020-03-31,10.5,26.05,6.86
2020-04-01,10.5,30.68,7.55
2020-04-02,7.0,26.57,7.54
2020-04-03,13.0,18.46,7.49
2020-04-04,11.0,13.04,6.3
2020-04-05,13.5,21.01,7.41
2020-04-06,9.0,20.57,6.13
2020-04-07,7.0,13.8,6.65
2020-04-08,12.0,27.0,6.37
2020-04-09,8.0,29.37,6.23
2020-04-10,7.5,18.28,6.06
2020-04-11,8.5,24.26,5.78
2020-04-12,6.0,29.84,7.58
2020-04-13,9.0,26.1,8.82
2020-04-14,14.5,22.08,7.76
2020-04-15,16.5,26.51,6.77
2020-04-16,10.0,19.73,7.33
2020-04-17,12.0,19.43,7.34
2020-04-18,16.0,22.51,6.62
2020-04-19,15.0,24.54,6.0
2020-04-20,17.0,18.94,5.56
2020-04-21,9.5,18.21,6.64
2020-04-22,5.5,11.82,7.36
2020-04-23,5.5,9.72,8.03
2020-04-24,8.0,20.24,8.2
2020-04-25,10.0,24.38,8.69
2020-04-26,12.0,16.76,7.2
2020-04-27,13.0,17.86,7.55
2020-04-28,10.5,20.55,6.79
2020-04-29,14.0,23.2,6.33
2020-04-30,17.5,28.36,5.12
2020-05-01,18.5,21.64,4.85
2020-05-02,14.5,23.18,5.19
2020-05-03,17.5,17.68,4.76
2020-05-04,15.0,12.78,4.83
2020-05-05,17.5,20.88,4.66
2020-05-06,11.5,6.2,5.07
2020-05-07,15.5,15.75,4.63
2020-05-08,11.5,13.79,4.97
2020-05-09,9.5,12.14,5.86
2020-05-10,9.5,14.94,6.67
2020-05-11,12.5,23.06,6.26
2020-05-12,17.5,27.08,4.8
2020-05-13,19.0,35.77,4.58
2020-05-14,18.0,36.74,4.47
2020-05-15,20.5,32.82,4.11
2020-05-16,23.0,52.43,3.58
2020-05-17,18.5,42.49,3.81
2020-05-18,19.0,36.37,4.01
2020-05-19,17.0,27.71,4.29
2020-05-20,20.5,22.54,4.19
2020-05-21,25.0,44.31,4.5
2020-05-22,21.5,43.51,3.98
2020-05-23,10.5,8.23,5.34
2020-05-24,8.5,12.14,5.87
2020-05-25,8.0,9.42,6.18
2020-05-26,16.0,13.45,5.4
2020-05-27,21.0,22.17,4.62
2020-05-28,24.0,30.75,4.78
2020-05-29,14.0,14.02,4.85
2020-05-30,16.5,15.44,4.56
2020-05-31,17.5,23.0,4.58
2020-06-01,20.0,25.62,3.89
2020-06-02,19.0,27.55,3.93
2020-06-03,17.5,20.86,4.07
2020-06-04,21.0,15.75,4.01
2020-06-05,18.5,15.17,3.95
2020-06-06,21.5,18.01,3.94
2020-06-07,26.5,19.27,4.56
2020-06-08,28.5,29.67,5.09
2020-06-09,24.5,30.88,5.02
2020-06-10,28.5,25.46,4.83
2020-06-11,28.5,32.23,4.72
2020-06-12,20.5,26.07,4.61
2020-06-13,21.5,25.76,4.5
2020-06-14,23.0,22.85,4.57
2020-06-15,23.0,20.54,4.33
2020-06-16,25.0,23.02,4.66
2020-06-17,22.5,23.22,4.09
2020-06-18,23.0,21.6,4.53
2020-06-19,21.0,15.75,4.28
2020-06-20,20.5,11.62,3.8
2020-06-21,19.5,20.69,4.26
2020-06-22,22.5,20.22,4.14
2020-06-23,27.0,25.39,4.37
2020-06-24,23.5,27.43,4.21
2020-06-25,20.5,18.67,4.89
2020-06-26,20.5,22.57,4.44
2020-06-27,20.5,12.88,4.89
2020-06-28,21.5,16.63,4.4
2020-06-29,20.5,20.46,4.23
2020-06-30,22.0,20.08,4.82
2020-07-01,21.0,19.0,5.0
2020-07-02,22.0,20.63,4.3
2020-07-03,26.0,28.09,4.92
2020-07-04,28.5,24.78,4.5600000000000005
2020-07-05,25.0,21.47,4.2
2020-07-06,25.5,27.47,4.17
2020-07-07,30.5,32.85,4.08
2020-07-08,24.5,16.16,4.17
2020-07-09,19.5,13.81,3.31
2020-07-10,21.0,16.07,3.69
2020-07-11,22.0,13.58,4.41
2020-07-12,23.0,14.75,4.4
2020-07-13,21.5,12.62,4.68
2020-07-14,21.0,17.86,4.51
2020-07-15,22.5,19.88,4.61
2020-07-16,23.0,18.07,4.67
2020-07-17,22.5,14.7,5.32
2020-07-18,23.5,17.25,4.71
2020-07-19,24.5,18.18,4.61
2020-07-20,27.5,24.82,4.79
2020-07-21,22.5,10.08,4.98
2020-07-22,21.5,13.21,4.23
2020-07-23,21.0,15.76,4.26
2020-07-24,22.0,16.37,4.47
2020-07-25,23.5,15.45,4.33
2020-07-26,22.5,17.47,4.35
2020-07-27,25.5,23.21,4.57
2020-07-28,24.0,19.9,4.82
2020-07-29,22.5,13.23,4.37
2020-07-30,22.5,19.9,4.23
2020-07-31,23.5,16.55,4.21
2020-08-01,22.5,12.82,4.32
2020-08-02,22.0,10.51,4.45
2020-08-03,20.5,12.67,4.45
2020-08-04,20.0,14.8,4.5
2020-08-05,21.5,15.85,4.34
2020-08-06,22.0,16.45,4.18
2020-08-07,24.0,17.04,4.19
2020-08-08,25.5,20.88,3.8
2020-08-09,25.0,20.44,4.45
2020-08-10,24.5,16.51,4.74
2020-08-11,21.0,13.66,4.52
2020-08-12,21.5,16.84,4.42
2020-08-13,22.0,16.54,4.17
2020-08-14,20.5,18.01,4.49
2020-08-15,19.0,13.21,4.38
2020-08-16,18.5,14.395,4.23
2020-08-17,20.5,15.58,4.2
2020-08-18,21.5,17.08,3.85
2020-08-19,22.5,18.54,3.83
2020-08-20,24.5,18.2,4.72
2020-08-21,22.0,13.66,4.06
2020-08-22,20.0,10.43,3.87
2020-08-23,17.0,14.06,4.24
2020-08-24,20.5,21.42,4.18
2020-08-25,25.0,18.46,4.97
2020-08-26,23.0,18.73,3.85
2020-08-27,20.5,19.71,3.75
2020-08-28,21.0,17.96,3.89
2020-08-29,21.5,20.46,3.77
2020-08-30,25.5,20.86,4.62
2020-08-31,25.0,22.97,4.06
2020-09-01,27.0,26.37,4.06
2020-09-02,27.0,31.43,4.35
2020-09-03,28.5,26.18,4.11
2020-09-04,29.5,25.67,4.4
2020-09-05,23.5,25.94,3.9
2020-09-06,23.0,9.79,4.41
2020-09-07,22.5,14.14,4.17
2020-09-08,22.5,16.38,3.51
2020-09-09,21.0,16.41,3.07
2020-09-10,21.5,14.8,3.27
2020-09-11,23.0,16.71,3.33
2020-09-12,25.5,19.5,3.29
2020-09-13,26.0,24.25,3.63
2020-09-14,23.5,20.65,3.71
2020-09-15,24.5,20.91,3.47
2020-09-16,22.5,22.97,3.36
2020-09-17,25.0,25.33,4.59
2020-09-18,23.0,22.33,3.95
2020-09-19,17.5,16.88,3.33
2020-09-20,18.5,16.33,3.48
2020-09-21,19.5,15.33,3.51
2020-09-22,20.5,16.67,3.58
2020-09-23,20.5,13.5,3.14
2020-09-24,21.5,14.93,3.56
2020-09-25,23.5,18.88,3.37
2020-09-26,22.5,12.15,3.5
2020-09-27,24.5,11.81,3.63
2020-09-28,22.0,17.79,3.41
2020-09-29,23.5,22.5,3.33
2020-09-30,24.5,16.73,3.22
2020-10-01,22.0,7.57,3.09
2020-10-02,20.0,6.22,3.15
2020-10-03,17.5,10.16,3.27
2020-10-04,17.5,11.54,3.29
2020-10-05,15.0,11.42,3.26
2020-10-06,18.0,9.86,3.66
2020-10-07,18.5,6.73,3.54
2020-10-08,19.5,8.6,3.56
2020-10-09,22.5,12.04,3.34
2020-10-10,23.0,15.25,3.38
2020-10-11,20.0,16.06,3.54
2020-10-12,22.0,27.84,3.75
2020-10-13,24.0,22.73,3.79
2020-10-14,23.0,21.98,3.74
2020-10-15,18.5,27.46,3.48
2020-10-16,20.5,26.66,3.7
2020-10-17,21.0,21.92,3.87
2020-10-18,21.5,21.8,4.05
2020-10-19,18.0,25.13,4.09
2020-10-20,15.0,8.5,4.02
2020-10-21,15.5,9.61,4.3
2020-10-22,16.5,9.88,4.39
2020-10-23,17.0,15.21,4.31
2020-10-24,19.5,14.67,4.44
2020-10-25,19.0,17.55,4.71
2020-10-26,18.5,23.71,5.08
2020-10-27,19.0,31.85,6.11
2020-10-28,20.0,35.49,5.6
2020-10-29,21.0,34.74,5.98
2020-10-30,19.0,35.57,5.23
2020-10-31,20.0,38.47,5.3
2020-11-01,20.0,41.11,5.2
2020-11-02,13.5,20.04,4.84
2020-11-03,13.5,27.47,4.97
2020-11-04,14.5,25.05,5.77
2020-11-05,16.0,20.17,6.01
2020-11-06,12.0,20.0,5.34
2020-11-07,9.5,18.78,5.95
2020-11-08,11.5,21.48,6.71
2020-11-09,12.5,21.4,8.38
2020-11-10,9.0,32.59,8.53
2020-11-11,9.5,31.03,6.89
2020-11-12,12.0,24.76,7.95
2020-11-13,10.5,26.31,9.9
2020-11-14,10.5,25.29,10.69
2020-11-15,8.0,30.53,9.84
2020-11-16,8.5,33.87,10.02
2020-11-17,9.0,33.67,8.77
2020-11-18,8.0,32.72,9.43
2020-11-19,7.0,21.53,9.2
2020-11-20,9.0,25.32,11.23
2020-11-21,6.5,19.04,8.43
2020-11-22,8.5,24.4,9.36
2020-11-23,5.0,18.67,8.14
2020-11-24,6.5,25.14,12.48
2020-11-25,5.0,44.67,14.09
2020-11-26,6.0,26.77,9.31
2020-11-27,7.0,28.96,10.75
2020-11-28,7.5,23.02,11.93
2020-11-29,8.0,37.8,15.84
2020-11-30,8.0,35.54,16.64
2020-12-01,8.0,47.0,18.79
2020-12-02,9.5,47.01,18.77
2020-12-03,13.0,42.84,16.1
2020-12-04,9.0,31.5,14.93
2020-12-05,8.5,35.61,13.93
2020-12-06,7.0,45.24,14.85
2020-12-07,6.5,31.54,12.62
2020-12-08,7.5,45.805,10.18
2020-12-09,6.5,60.07,12.14
2020-12-10,8.5,23.62,9.68
2020-12-11,7.5,28.19,8.67
2020-12-12,6.0,31.19,9.94
2020-12-13,10.5,36.35,12.8
2020-12-14,12.5,41.02,12.85
2020-12-15,11.5,44.92,15.89
2020-12-16,10.0,42.08,9.71
2020-12-17,6.0,8.75,6.57
2020-12-18,7.0,33.89,9.85
2020-12-19,4.5,28.93,12.07
2020-12-20,5.0,45.3,12.69
2020-12-21,5.5,34.53,14.14
2020-12-22,5.5,41.94,17.17
2020-12-23,2.0,9.61,7.54
2020-12-24,2.5,37.82,10.43
2020-12-25,2.0,25.03,11.3
2020-12-26,5.5,21.01,11.22
2020-12-27,6.0,29.42,15.79
2020-12-28,6.5,25.16,16.0
2020-12-29,7.0,29.89,17.53
2020-12-30,7.5,28.443333333333335,21.65
2020-12-31,8.0,26.996666666666666,18.04
2021-01-01,8.5,25.55,18.36
2021-01-02,7.0,38.02,19.7
2021-01-03,7.5,38.86,17.8
2021-01-04,9.0,22.46,10.2
2021-01-05,9.0,16.65,9.31
2021-01-06,7.5,41.83,18.67
2021-01-07,8.0,28.96,15.6
2021-01-08,7.5,31.39,17.28
2021-01-09,9.0,31.21,18.68
2021-01-10,10.0,52.04,21.17
2021-01-11,8.0,46.32,13.83
2021-01-12,10.5,53.25,15.19
2021-01-13,13.5,36.38,15.6
2021-01-14,9.5,21.14,10.75
2021-01-15,4.5,20.46,9.33
2021-01-16,4.0,15.62,9.49
2021-01-17,9.5,16.51,10.21
2021-01-18,1.5,10.79,8.12
2021-01-19,-1.0,12.09,9.21
2021-01-20,-1.0,18.56,10.18
2021-01-21,0.0,36.16,10.23
2021-01-22,0.5,13.81,9.84
2021-01-23,1.0,17.37,10.59
2021-01-24,2.0,24.97,14.66
2021-01-25,5.5,25.93,15.71
2021-01-26,7.5,32.1,17.08
2021-01-27,9.0,38.37,9.02
2021-01-28,10.5,40.44,11.71
2021-01-29,4.5,16.56,8.22
2021-01-30,6.5,23.22,7.27
2021-01-31,8.0,33.84,11.84
2021-02-01,10.5,20.7,8.21
2021-02-02,10.0,20.68,8.41
2021-02-03,9.5,28.59,12.9
2021-02-04,10.0,36.72,12.97
2021-02-05,6.0,34.92,9.45
2021-02-06,7.5,21.49,9.61
2021-02-07,9.5,43.09,16.58
2021-02-08,12.0,42.82,16.77
2021-02-09,14.0,25.24,10.35
2021-02-10,11.5,32.46,10.3
2021-02-11,9.0,38.69,9.43
2021-02-12,6.5,23.8,6.07
2021-02-13,4.0,9.5,7.27
2021-02-14,6.5,29.41,9.93
2021-02-15,4.5,27.72,9.23
2021-02-16,2.0,6.43,6.1
2021-02-17,-1.0,6.58,6.0
2021-02-18,-0.5,15.19,7.24
2021-02-19,0.5,19.69,8.67
2021-02-20,1.3333333333333335,12.52,6.67
2021-02-21,2.166666666666667,21.83,8.41
2021-02-22,3.0,25.61,12.01
2021-02-23,4.5,39.34,13.05
2021-02-24,3.0,11.39,5.81
2021-02-25,3.0,13.16,7.94
2021-02-26,5.0,20.35,8.5
2021-02-27,6.5,29.73,11.15
2021-02-28,7.0,22.15,9.81
2021-03-01,2.5,10.45,6.21
2021-03-02,3.5,25.87,11.07
2021-03-03,2.0,29.16,10.43
2021-03-04,3.5,23.49,8.51
2021-03-05,6.0,27.25,10.64
2021-03-06,10.0,24.49,9.63
2021-03-07,3.5,12.65,6.08
2021-03-08,2.5,10.56,8.65
2021-03-09,4.0,18.08,9.62
2021-03-10,7.0,24.3,10.59
2021-03-11,9.5,31.8,10.81
2021-03-12,-0.5,6.1,6.16
2021-03-13,3.5,16.32,8.46
2021-03-14,10.0,20.27,8.9
2021-03-15,11.0,23.01,7.93
2021-03-16,14.5,29.72,6.54
2021-03-17,12.5,14.11,6.85
2021-03-18,7.5,12.05,6.11
2021-03-19,4.5,17.56,7.12
2021-03-20,4.5,24.37,8.03
2021-03-21,3.5,25.98,8.21
2021-03-22,5.5,22.42,9.51
2021-03-23,12.5,30.68,8.13
2021-03-24,2.0,8.22,6.71
2021-03-25,3.0,10.09,7.4125
2021-03-26,3.5,19.91,8.115
2021-03-27,1.5,7.93,8.817499999999999
2021-03-28,5.5,20.28,9.52
2021-03-29,7.0,26.32,10.2225
2021-03-30,10.0,24.95,10.925
2021-03-31,11.0,31.3,11.627500000000001
2021-04-01,12.5,36.6,12.33
2021-04-02,7.5,19.59,9.89
2021-04-03,9.5,23.87,9.57
2021-04-04,12.5,20.01,9.6
2021-04-05,13.5,27.14,11.51
2021-04-06,9.5,25.9,10.47
2021-04-07,17.5,45.88,8.11
2021-04-08,21.0,66.38,9.6
2021-04-09,7.0,15.6,9.03
2021-04-10,5.0,8.88,10.54
2021-04-11,4.5,15.44,12.91
2021-04-12,7.0,19.93,12.69
2021-04-13,6.0,25.95,12.14
2021-04-14,11.5,19.17,9.94
2021-04-15,14.0,22.68,8.9
2021-04-16,17.0,26.67,9.41
2021-04-17,13.5,36.12,10.78
2021-04-18,17.0,47.74,8.77
2021-04-19,20.5,49.86,9.72
2021-04-20,20.0,40.95,7.1
2021-04-21,11.5,14.78,8.73
2021-04-22,11.5,16.07,8.05
2021-04-23,14.0,14.58,6.4
2021-04-24,14.5,18.22,9.65
2021-04-25,13.5,21.76,9.3
2021-04-26,11.5,19.95,8.15
2021-04-27,8.5,13.32,9.65
2021-04-28,16.5,27.19,9.74
2021-04-29,19.0,31.6,8.38
2021-04-30,20.5,31.78,7.25
2021-05-01,17.0,22.99,7.6
2021-05-02,17.0,19.3,8.14
2021-05-03,21.5,31.37,7.54
2021-05-04,17.5,27.38,7.47
2021-05-05,13.5,9.6,7.65
2021-05-06,19.5,13.78,8.43
2021-05-07,17.0,13.84,7.93
2021-05-08,19.5,13.67,5.87
2021-05-09,11.0,12.78,8.3
2021-05-10,8.0,6.3,8.73
2021-05-11,9.0,11.98,7.5
2021-05-12,14.5,12.8,6.2
2021-05-13,23.5,19.65,8.11
2021-05-14,26.5,34.95,7.3
2021-05-15,20.5,28.69,8.2
2021-05-16,25.5,28.46,7.59
2021-05-17,16.0,18.31,6.12
2021-05-18,18.5,15.21,8.26
2021-05-19,17.5,14.58,6.48
2021-05-20,23.5,18.1,6.72
2021-05-21,27.5,33.96,7.8
2021-05-22,15.5,23.84,5.4
2021-05-23,13.0,5.55,7.56
2021-05-24,14.5,6.76,8.35
2021-05-25,14.0,12.18,7.95
2021-05-26,15.5,21.96,7.25
2021-05-27,16.5,17.49,8.41
2021-05-28,18.5,17.73,8.47
2021-05-29,21.0,17.42,6.86
2021-05-30,17.0,17.11,7.43
2021-05-31,22.5,16.799999999999997,7.48
2021-06-01,21.0,16.49,7.25
2021-06-02,17.5,6.45,7.17
2021-06-03,15.5,6.15,7.04
2021-06-04,16.0,11.74,8.83
2021-06-05,16.0,9.84,7.39
2021-06-06,13.5,6.21,7.84
2021-06-07,16.0,9.93,7.58
2021-06-08,18.5,13.71,9.75
2021-06-09,18.0,14.1,7.22
2021-06-10,17.5,15.06,7.83
2021-06-11,17.5,11.46,7.53
2021-06-12,17.0,11.55,7.53
2021-06-13,17.5,12.16,7.92
2021-06-14,25.0,16.5,6.91
2021-06-15,22.5,16.91,8.02
2021-06-16,20.0,17.59,6.91
2021-06-17,19.5,8.36,5.62
2021-06-18,20.5,12.91,7.2
2021-06-19,21.5,16.8,5.72
2021-06-20,21.5,16.09,6.25
2021-06-21,24.0,24.21,5.45
2021-06-22,23.5,16.82,6.17
2021-06-23,22.5,11.83,6.89
2021-06-24,22.5,9.25,4.63
2021-06-25,22.0,12.15,5.52
2021-06-26,22.5,16.25,5.78
2021-06-27,21.5,15.9175,5.35
2021-06-28,22.5,15.585,5.63
2021-06-29,21.5,15.2525,4.74
2021-06-30,23.0,14.92,5.9
2021-07-01,23.5,20.96,4.98
2021-07-02,25.0,17.94,6.5
2021-07-03,28.0,25.12,4.94
2021-07-04,23.5,16.38,6.92
2021-07-05,21.0,10.55,5.09
2021-07-06,22.0,14.37,4.65
2021-07-07,22.0,12.58,5.79
2021-07-08,22.5,16.05,6.86
2021-07-09,22.0,14.18,7.82
2021-07-10,22.5,7.96,6.07
2021-07-11,24.0,14.76,5.21
2021-07-12,24.5,16.99,5.37
2021-07-13,24.5,15.37,6.87
2021-07-14,24.0,12.03,5.21
2021-07-15,22.0,9.06,5.11
2021-07-16,24.0,15.33,5.61
2021-07-17,25.5,23.61,6.07
2021-07-18,29.5,22.68,5.72
2021-07-19,31.0,33.84,3.96
2021-07-20,30.0,35.36,4.93
2021-07-21,27.0,21.6,4.9
2021-07-22,20.5,7.9,4.86
2021-07-23,20.0,6.88,5.11
2021-07-24,20.0,10.87,5.69
2021-07-25,21.0,11.34,5.03
2021-07-26,23.0,15.03,4.34
2021-07-27,22.0,8.45,3.97
2021-07-28,19.5,7.31,4.36
2021-07-29,21.5,13.11,6.06
2021-07-30,22.5,14.66,6.04
2021-07-31,23.5,12.91,5.74
2021-08-01,24.0,12.58,4.6
2021-08-02,23.5,13.85,7.57
2021-08-03,24.5,16.05,4.81
2021-08-04,25.0,18.54,4.96
2021-08-05,25.0,18.83,5.93
2021-08-06,29.5,22.0,4.8
2021-08-07,29.5,15.53,6.8
2021-08-08,23.5,10.08,6.07
2021-08-09,24.0,9.09,5.0
2021-08-10,21.5,12.66,4.18
2021-08-11,21.5,5.94,5.92
2021-08-12,21.0,10.71,4.6
2021-08-13,22.0,8.42,5.54
2021-08-14,20.0,9.3125,5.71
2021-08-15,19.5,10.205,4.15
2021-08-16,20.5,11.0975,6.32
2021-08-17,22.0,11.99,6.53
2021-08-18,23.0,17.82,6.68
2021-08-19,22.0,9.42,5.04
2021-08-20,21.0,13.29,5.31
2021-08-21,21.5,16.0,5.57
2021-08-22,22.0,10.3,5.4
2021-08-23,22.0,13.7,4.03
2021-08-24,24.0,14.63,4.5
2021-08-25,23.5,19.46,6.56
2021-08-26,24.0,21.05,5.73
2021-08-27,26.0,22.82,3.85
2021-08-28,26.5,29.86,5.27
2021-08-29,28.5,33.61,4.47
2021-08-30,28.5,27.57,6.43
2021-08-31,23.5,17.44,5.46
2021-09-01,24.0,23.15,4.89
2021-09-02,20.5,12.43,5.48
2021-09-03,16.0,5.5,4.63
2021-09-04,15.5,6.0,5.84
2021-09-05,17.0,7.38,5.39
2021-09-06,18.0,7.3,5.33
2021-09-07,18.0,9.83,4.55
2021-09-08,17.5,10.99,5.49
2021-09-09,19.5,11.98,4.88
2021-09-10,21.5,12.9,5.96
2021-09-11,19.0,6.66,4.97
2021-09-12,19.0,6.02,4.97
2021-09-13,19.5,12.62,5.64
2021-09-14,21.0,12.63,5.1
2021-09-15,22.0,14.7,5.44
2021-09-16,20.5,9.45,5.63
2021-09-17,16.5,11.42,5.13
2021-09-18,18.5,15.18,4.62
2021-09-19,21.0,13.9,5.47
2021-09-20,20.0,17.52,4.56
2021-09-21,23.0,24.63,9.12
2021-09-22,16.0,15.72,8.774999999999999
2021-09-23,15.5,6.18,8.43
2021-09-24,12.5,7.725,7.66
2021-09-25,13.0,9.27,5.68
2021-09-26,13.0,9.43,4.38
2021-09-27,14.0,11.96,5.18
2021-09-28,15.5,15.24,4.31
2021-09-29,14.0,10.58,5.0
2021-09-30,14.0,14.57,5.03
2021-10-01,13.5,10.3,5.08
2021-10-02,15.5,16.03,6.89
2021-10-03,14.0,10.13,4.74
2021-10-04,13.5,8.69,5.66
2021-10-05,12.5,15.06,5.61
2021-10-06,10.5,13.6,5.32
2021-10-07,14.5,17.75,6.47
2021-10-08,14.5,16.96,5.53
2021-10-09,17.5,25.51,5.18
2021-10-10,15.5,31.71,7.66
2021-10-11,17.0,34.13,4.2
2021-10-12,19.5,34.92,5.65
2021-10-13,20.5,41.87,6.14
2021-10-14,17.0,45.79,7.13
2021-10-15,19.5,44.9,6.03
2021-10-16,19.0,55.2,4.69
2021-10-17,16.5,50.12,4.82
2021-10-18,14.5,13.24,6.34
2021-10-19,12.0,12.37,7.5
2021-10-20,10.0,11.21,5.26
2021-10-21,13.0,11.95,6.16
2021-10-22,16.5,20.06,11.52
2021-10-23,14.5,27.44,13.05
2021-10-24,13.0,25.06,10.78
2021-10-25,6.0,29.03,6.82
2021-10-26,9.5,33.0,9.34
2021-10-27,11.0,43.1,9.42
2021-10-28,9.0,45.24,12.04
2021-10-29,8.0,56.26,14.08
2021-10-30,12.5,54.48,8.16
2021-10-31,15.0,40.59,9.26
2021-11-01,16.0,50.7,9.45
2021-11-02,16.5,57.26,11.42
2021-11-03,16.5,45.3,9.86
2021-11-04,16.0,45.56,10.05
2021-11-05,15.5,41.76,11.03
2021-11-06,15.5,41.82,8.68
2021-11-07,11.5,50.49,8.72
2021-11-08,13.5,51.13,10.46
2021-11-09,14.5,63.36,13.86
2021-11-10,8.5,40.19,8.87
2021-11-11,6.0,33.69,11.61
2021-11-12,8.0,49.55,14.29
2021-11-13,10.5,53.78,17.63
2021-11-14,11.0,53.04,17.14
2021-11-15,10.0,51.62,13.19
2021-11-16,9.5,43.35,11.39
2021-11-17,10.0,48.54,10.96
2021-11-18,9.5,52.21,14.51
2021-11-19,8.0,65.36,17.78
2021-11-20,8.5,56.29,13.25
2021-11-21,9.0,41.31,12.1
2021-11-22,9.5,59.74,22.61
2021-11-23,9.5,69.59,25.4
2021-11-24,8.0,42.61,12.3
2021-11-25,6.5,48.17,17.21
2021-11-26,9.0,34.6,14.48
2021-11-27,9.0,40.34,19.12
2021-11-28,10.0,58.03,27.3
2021-11-29,13.0,49.79,20.9
2021-11-30,14.0,67.3,28.51
2021-12-01,4.5,32.04,12.8
2021-12-02,4.0,50.51,19.13
2021-12-03,6.0,34.07,20.69
2021-12-04,6.0,37.82,19.51
2021-12-05,8.0,54.35,30.58
2021-12-06,9.0,50.07,29.05
2021-12-07,10.0,51.63,18.7
2021-12-08,12.0,55.760000000000005,29.24
2021-12-09,10.0,59.89,19.71
2021-12-10,10.5,27.64,16.94
2021-12-11,9.0,22.39,14.83
2021-12-12,9.0,27.76,17.36
2021-12-13,9.5,27.41,21.56
2021-12-14,9.0,39.55,26.04
2021-12-15,11.5,51.49,27.61
2021-12-16,12.5,58.8,24.57
2021-12-17,8.5,36.57,11.15
2021-12-18,7.0,37.06,9.43
2021-12-19,5.0,21.81,12.44
2021-12-20,9.0,29.4,14.83
2021-12-21,2.0,17.85,8.04
2021-12-22,-0.5,25.88,7.5
2021-12-23,-1.5,33.91,13.9
2021-12-24,-2.0,19.67,7.89
2021-12-25,-1.5,22.61,15.52
2021-12-26,3.0,25.09,18.29
2021-12-27,4.0,34.59,29.48
2021-12-28,4.0,34.91,35.02
2021-12-29,3.5,34.71,29.1
2021-12-30,3.6666666666666665,34.51,40.61
2021-12-31,3.8333333333333335,34.31,31.56
2022-01-01,4.0,49.65,35.39
2022-01-02,3.5,27.26,15.44
2022-01-03,2.0,16.84,13.08
2022-01-04,2.0,39.47,27.25
2022-01-05,5.0,40.06,31.99
2022-01-06,5.0,26.16,23.18
2022-01-07,5.0,31.9,28.09
2022-01-08,6.5,31.86,21.34
2022-01-09,6.5,23.48,16.87
2022-01-10,7.5,30.06,24.21
2022-01-11,7.5,36.65,29.95
2022-01-12,8.5,36.21,28.99
2022-01-13,1.0,13.37,10.04
2022-01-14,-0.5,18.9025,11.19
2022-01-15,-1.0,24.435000000000002,12.34
2022-01-16,-1.5,29.9675,13.49
2022-01-17,-1.0,35.5,14.64
2022-01-18,-2.5,32.45,25.04
2022-01-19,-1.5,14.66,12.0
2022-01-20,-2.0,23.34,15.31
2022-01-21,0.5,15.77,12.85
2022-01-22,2.0,17.5,14.92
2022-01-23,5.0,15.42,11.73
2022-01-24,2.5,26.49,19.29
2022-01-25,1.5,23.86,17.98
2022-01-26,2.5,24.22,20.6
2022-01-27,1.0,5.93,9.79
2022-01-28,0.0,30.11,21.6
2022-01-29,0.5,28.99,24.68
2022-01-30,2.0,29.95,19.895
2022-01-31,6.0,25.95,15.11
2022-02-01,5.0,59.06,23.04
2022-02-02,7.5,30.78,17.16
2022-02-03,10.0,34.14,8.62
2022-02-04,5.5,31.483333333333334,23.88
2022-02-05,-1.0,28.826666666666668,20.634999999999998
2022-02-06,1.0,26.17,17.39
2022-02-07,4.0,25.13,19.53
2022-02-08,5.0,24.25,22.29
2022-02-09,9.5,35.95,25.27
2022-02-10,2.5,26.305,12.31
2022-02-11,4.5,16.66,15.61
2022-02-12,5.5,15.5,13.4
2022-02-13,3.0,43.31,22.74
2022-02-14,5.5,30.92,11.76
2022-02-15,4.5,44.56,17.47
2022-02-16,3.5,59.97,14.33
2022-02-17,6.0,47.53,20.15
2022-02-18,8.0,42.29,20.14
2022-02-19,6.0,38.21,14.38
2022-02-20,8.5,56.37,16.14
2022-02-21,7.5,62.04,27.27
2022-02-22,11.5,30.97,11.18
2022-02-23,12.5,41.65,17.0
2022-02-24,13.0,34.335,11.74
2022-02-25,14.0,27.02,8.66
2022-02-26,5.5,9.7,11.06
2022-02-27,7.0,24.9,11.55
2022-02-28,10.5,23.35,12.75
2022-03-01,7.0,25.81,21.09
2022-03-02,10.0,18.52,13.78
2022-03-03,10.5,16.27,12.12
2022-03-04,2.0,18.560000000000002,8.72
2022-03-05,2.5,20.85,9.71
2022-03-06,2.0,24.03,11.37
2022-03-07,6.5,17.67,9.11
2022-03-08,4.5,17.89,13.92
2022-03-09,3.0,12.62,9.28
2022-03-10,2.5,14.04,11.76
2022-03-11,1.5,12.49,7.71
2022-03-12,-0.5,8.73,8.98
2022-03-13,-1.0,16.16,10.1
2022-03-14,-0.5,19.8,10.43
2022-03-15,0.0,14.85,9.18
2022-03-16,-0.5,20.25,9.14
2022-03-17,1.0,20.16,9.04
2022-03-18,-1.0,12.56,9.96
2022-03-19,-1.0,13.21,7.86
2022-03-20,0.5,13.86,9.58
2022-03-21,1.5,26.48,12.71
2022-03-22,4.0,21.69,12.24
2022-03-23,6.5,37.92,7.47
2022-03-24,2.5,9.68,11.55
2022-03-25,5.0,23.82,13.98
2022-03-26,3.5,37.96,12.05
2022-03-27,4.5,36.97,11.16
2022-03-28,2.5,29.94,9.61
2022-03-29,9.0,39.29,10.24
2022-03-30,12.5,42.85,11.23
2022-03-31,13.5,50.82,7.35
2022-04-01,15.0,76.04,9.09
2022-04-02,18.5,70.56,7.48
2022-04-03,20.0,62.7,6.54
2022-04-04,11.0,65.27,7.39
2022-04-05,10.0,44.16,10.5
2022-04-06,12.5,55.57,7.7
2022-04-07,12.0,63.04,7.8
2022-04-08,13.0,25.76,7.25
2022-04-09,13.0,14.55,6.62
2022-04-10,16.0,17.34,5.8
2022-04-11,19.5,72.09,5.97
2022-04-12,4.5,39.79,5.07
2022-04-13,2.5,7.49,4.17
2022-04-14,5.5,18.39,8.34
2022-04-15,8.5,29.5,7.33
2022-04-16,11.5,37.63,5.84
2022-04-17,16.5,31.32,8.18
2022-04-18,19.5,62.7,8.99
2022-04-19,21.5,101.31,7.13
2022-04-20,9.0,20.01,7.63
2022-04-21,13.5,29.93,5.8
2022-04-22,13.5,24.23,7.87
2022-04-23,17.5,37.69,6.03
2022-04-24,20.0,47.64,6.9
2022-04-25,21.0,69.71,6.79
2022-04-26,21.5,71.39,7.18
2022-04-27,17.5,67.34,5.44
2022-04-28,15.5,58.63,6.24
2022-04-29,17.0,46.71,6.17
2022-04-30,16.0,42.48,5.27
2022-05-01,10.5,10.48,6.55
2022-05-02,10.0,4.26,6.97
2022-05-03,13.5,14.72,5.58
2022-05-04,15.5,14.51,5.37
2022-05-05,8.5,12.075,5.4
2022-05-06,10.5,9.64,6.1
2022-05-07,9.0,6.98,4.87
2022-05-08,9.5,9.58,6.28
2022-05-09,10.5,17.36,6.49
2022-05-10,10.5,12.37,6.5
2022-05-11,12.5,27.73,5.96
2022-05-12,12.0,32.72,4.64
2022-05-13,14.5,31.28,5.93
2022-05-14,25.5,24.83,4.81
2022-05-15,20.0,31.29,5.55
2022-05-16,12.5,17.4,5.9
2022-05-17,14.0,21.27,5.73
2022-05-18,17.0,24.21,5.85
2022-05-19,12.5,16.34,4.92
2022-05-20,9.0,8.21,3.87
2022-05-21,14.5,26.4,6.71
2022-05-22,20.0,24.87,4.3
2022-05-23,14.5,14.22,6.72
2022-05-24,12.0,13.8,4.54
2022-05-25,13.0,15.4,5.99
2022-05-26,15.0,19.41,6.02
2022-05-27,17.0,33.51,8.23
2022-05-28,19.5,38.62,6.75
2022-05-29,21.5,34.07,6.22
2022-05-30,24.5,27.64,4.57
2022-05-31,24.0,34.15,5.75
2022-06-01,21.5,32.36,4.85
2022-06-02,23.5,42.26,5.73
2022-06-03,27.5,62.97,5.62
2022-06-04,27.0,32.42,5.75
2022-06-05,20.5,25.51,6.22
2022-06-06,20.0,40.22,7.58
2022-06-07,20.5,31.35,6.54
2022-06-08,21.5,50.67,3.59
2022-06-09,20.5,12.87,5.91
2022-06-10,21.5,56.24,5.47
2022-06-11,23.0,65.61,4.42
2022-06-12,23.5,22.6,4.61
2022-06-13,19.5,23.92,4.03
2022-06-14,19.0,13.3,4.8
2022-06-15,20.0,24.16,4.65
2022-06-16,19.0,38.46,4.6
2022-06-17,20.0,53.65,4.93
2022-06-18,19.5,17.81,4.48
2022-06-19,18.5,24.96,4.52
2022-06-20,20.0,22.29,5.17
2022-06-21,21.0,24.85,4.81
2022-06-22,17.0,5.72,4.26
2022-06-23,18.0,18.83,4.46
2022-06-24,18.0,42.42,4.47
2022-06-25,17.5,9.29,5.26
2022-06-26,16.0,4.9,4.14
2022-06-27,17.5,10.09,5.46
2022-06-28,18.5,20.98,4.18
2022-06-29,19.0,25.96,3.48
2022-06-30,19.5,33.06,3.76
2022-07-01,20.0,22.72,3.49
2022-07-02,19.5,15.57,3.74
2022-07-03,18.0,37.95,4.72
2022-07-04,17.5,22.57,5.35
2022-07-05,19.0,35.09,5.86
2022-07-06,21.0,37.38,4.13
2022-07-07,22.5,40.85,4.02
2022-07-08,22.5,17.61,4.09
2022-07-09,21.5,23.22,4.99
2022-07-10,23.5,27.63,4.14
2022-07-11,20.0,11.23,3.85
2022-07-12,19.5,13.51,4.46
2022-07-13,19.5,8.61,4.43
2022-07-14,18.0,12.31,4.86
2022-07-15,19.5,26.54,3.99
2022-07-16,19.0,20.87,4.71
2022-07-17,20.5,15.95,4.31
2022-07-18,22.0,29.21,4.06
2022-07-19,19.5,20.83,4.4
2022-07-20,16.5,22.55,4.27
2022-07-21,17.5,25.23,4.68
2022-07-22,18.0,18.29,3.82
2022-07-23,18.5,27.54,7.67
2022-07-24,18.0,15.41,3.84
2022-07-25,19.0,18.02,4.8
2022-07-26,19.5,22.54,3.75
2022-07-27,21.0,18.88,3.54
2022-07-28,20.5,24.84,3.64
2022-07-29,20.5,27.03,3.77
2022-07-30,22.5,30.74,3.65
2022-07-31,23.0,22.73,3.89
2022-08-01,23.5,24.65,3.34
2022-08-02,23.0,26.96,3.85
2022-08-03,23.5,24.09,4.7
2022-08-04,24.0,28.9,4.63
2022-08-05,23.5,25.57,3.87
2022-08-06,23.5,26.96,4.33
2022-08-07,23.0,26.28,3.79
2022-08-08,23.5,28.755000000000003,4.06
2022-08-09,23.5,31.23,5.78
2022-08-10,24.0,21.58,3.98
2022-08-11,24.0,18.45,5.28
2022-08-12,22.5,18.11,4.89
2022-08-13,24.0,23.87,6.31
2022-08-14,25.0,22.9,3.76
2022-08-15,28.0,32.26,4.8
2022-08-16,26.0,31.69,4.11
2022-08-17,25.5,29.97,4.66
2022-08-18,24.5,20.08,4.33
2022-08-19,23.5,15.3,3.5
2022-08-20,23.0,19.77,5.0
2022-08-21,25.5,30.65,4.07
2022-08-22,29.0,44.43,4.41
2022-08-23,26.0,39.61,5.68
2022-08-24,30.5,49.43,3.5
2022-08-25,31.0,48.91,4.12
2022-08-26,28.0,44.06,3.71
2022-08-27,26.5,42.840833333333336,3.7041666666666666
2022-08-28,26.0,41.62166666666667,3.6983333333333333
2022-08-29,26.0,40.4025,3.6925
2022-08-30,27.0,39.18333333333334,3.6866666666666665
2022-08-31,28.5,37.96416666666667,3.680833333333333
2022-09-01,28.0,36.745000000000005,3.675
2022-09-02,29.0,35.52583333333334,3.6691666666666665
2022-09-03,32.5,34.30666666666667,3.663333333333333
2022-09-04,25.5,33.087500000000006,3.6574999999999998
2022-09-05,19.5,31.868333333333336,3.6516666666666664
2022-09-06,17.0,30.649166666666666,3.645833333333333
2022-09-07,17.0,29.43,3.6399999999999997
2022-09-08,17.5,28.210833333333333,3.6341666666666668
2022-09-09,17.5,26.991666666666667,3.6283333333333334
2022-09-10,19.0,25.7725,3.6225
2022-09-11,22.5,24.553333333333335,3.6166666666666667
2022-09-12,26.0,23.33416666666667,3.6108333333333333
2022-09-13,19.5,22.115000000000002,3.605
2022-09-14,16.5,20.895833333333336,3.5991666666666666
2022-09-15,18.5,19.67666666666667,3.5933333333333333
2022-09-16,22.0,18.4575,3.5875
2022-09-17,26.5,17.238333333333333,3.5816666666666666
2022-09-18,10.5,16.019166666666667,3.575833333333333
2022-09-19,22.5,14.8,3.57
2022-09-20,22.5,11.09,4.14
2022-09-21,21.0,6.07,3.37
2022-09-22,19.0,8.01,4.57
2022-09-23,15.0,9.95,3.87
2022-09-24,14.0,9.6,4.21
2022-09-25,14.0,10.08,5.22
2022-09-26,18.0,20.96,3.44
2022-09-27,22.0,18.67,3.64
2022-09-28,23.0,20.8,3.6
2022-09-29,20.0,20.26,4.36
2022-09-30,21.0,19.05,3.48
2022-10-01,20.5,20.1,4.09
2022-10-02,23.0,25.03,4.44
2022-10-03,17.0,11.48,3.71
2022-10-04,18.0,12.18,4.05
2022-10-05,18.0,12.41,3.84
2022-10-06,18.0,11.78,4.89
2022-10-07,17.5,13.88,3.38
2022-10-08,18.0,26.55,5.27
2022-10-09,18.0,13.68,3.8
2022-10-10,15.5,10.34,3.61
2022-10-11,14.5,13.85,3.41
2022-10-12,13.0,15.41,3.75
2022-10-13,13.0,18.91,3.59
2022-10-14,13.5,14.78,3.48
2022-10-15,14.0,14.17,3.59
2022-10-16,17.5,13.94,3.44
2022-10-17,15.5,15.82,3.47
2022-10-18,17.5,10.3,3.37
2022-10-19,17.5,13.93,3.371875
2022-10-20,15.0,13.54,3.3737500000000002
2022-10-21,9.0,6.87,3.375625
2022-10-22,10.0,13.38,3.3775
2022-10-23,13.5,13.34,3.379375
2022-10-24,12.5,13.81,3.38125
2022-10-25,13.5,11.86,3.383125
2022-10-26,14.5,13.16,3.385
2022-10-27,11.0,13.37,3.386875
2022-10-28,10.0,9.05,3.38875
2022-10-29,11.0,10.21,3.390625
2022-10-30,12.5,12.08,3.3925
2022-10-31,12.0,12.91,3.394375
2022-11-01,9.0,11.44,3.3962499999999998
2022-11-02,9.5,15.65,3.398125
2022-11-03,10.0,13.57,3.4
2022-11-04,10.0,14.94,3.47
2022-11-05,12.0,19.26,3.64
2022-11-06,11.0,20.42,3.33
2022-11-07,10.5,21.5,3.68
2022-11-08,12.0,24.24,3.45
2022-11-09,11.0,19.9,3.22
2022-11-10,10.5,11.4,3.37
2022-11-11,12.0,13.92,3.34
2022-11-12,12.5,20.12,3.39
2022-11-13,10.0,16.92,3.46
2022-11-14,9.5,16.29,3.49
2022-11-15,11.0,13.82,3.41
2022-11-16,10.0,11.05,3.56
2022-11-17,13.5,13.19,3.62
2022-11-18,12.0,22.11,3.74
2022-11-19,12.5,22.7,3.57
2022-11-20,14.5,20.39,3.37
2022-11-21,13.5,25.03,3.39
2022-11-22,13.0,28.47,3.45
2022-11-23,14.0,24.145,3.58
2022-11-24,15.0,19.82,3.69
2022-11-25,16.5,19.89,3.78
2022-11-26,10.5,12.24,3.35
2022-11-27,8.0,9.47,3.49
2022-11-28,9.0,11.33,3.49
2022-11-29,10.0,12.55,3.58
2022-11-30,10.5,17.78,3.93
2022-12-01,14.0,16.25,3.68
2022-12-02,13.5,20.26,3.56
2022-12-03,7.5,14.92,3.34
2022-12-04,8.5,15.93,3.64
2022-12-05,8.0,16.85,3.58
2022-12-06,9.0,13.76,3.37
2022-12-07,8.5,10.62,3.33
2022-12-08,8.0,15.96,3.42
2022-12-09,10.0,17.79,3.42
2022-12-10,9.0,17.69,3.34
2022-12-11,8.5,15.51,3.39
2022-12-12,8.0,10.85,3.44
2022-12-13,9.5,13.08,3.56
2022-12-14,10.0,13.96,3.59
2022-12-15,11.5,14.52,3.59
2022-12-16,10.0,18.81,3.57
2022-12-17,10.5,10.46,3.69
2022-12-18,10.0,11.71,3.7
2022-12-19,8.0,14.28,3.57
2022-12-20,2.5,12.2,3.53
2022-12-21,6.0,11.69,3.56
2022-12-22,6.5,13.54,3.6
2022-12-23,7.0,13.88,3.69
2022-12-24,6.0,18.93,3.53
2022-12-25,4.0,17.69,3.63
2022-12-26,4.5,18.02,3.67
2022-12-27,5.5,19.23,3.6
2022-12-28,5.0,15.22,3.48
2022-12-29,2.0,14.73,3.52
2022-12-30,2.6666666666666665,12.12,3.92
2022-12-31,3.333333333333333,13.51,3.51
2023-01-01,4.0,11.78,8.51
2023-01-02,4.5,19.58,9.54
2023-01-03,6.5,21.27,9.92
2023-01-04,7.0,18.48,9.82
2023-01-05,5.5,15.91,9.9
2023-01-06,5.5,13.0,9.89
2023-01-07,2.5,9.03,8.15
2023-01-08,1.0,15.15,8.89
2023-01-09,2.0,15.85,9.19
2023-01-10,2.0,10.33,8.55
2023-01-11,3.0,10.95,9.19
2023-01-12,4.5,13.76,9.1
2023-01-13,3.5,13.72,9.86
2023-01-14,3.0,20.0,11.71
2023-01-15,5.5,17.25,12.12
2023-01-16,6.0,15.83,11.14
2023-01-17,8.5,13.92,11.32
2023-01-18,7.5,13.96,11.51
2023-01-19,8.0,13.62,11.23
2023-01-20,8.5,13.21,10.9
2023-01-21,10.5,15.67,11.58
2023-01-22,8.0,16.41,11.2
2023-01-23,8.0,17.82,11.739999999999998
2023-01-24,7.0,19.23,12.28
2023-01-25,5.0,17.2,12.04
2023-01-26,4.5,20.04,12.2
2023-01-27,5.0,20.39,12.09
2023-01-28,5.5,20.81,12.03
2023-01-29,4.0,18.55,11.86
2023-01-30,5.5,13.11,11.49
2023-01-31,6.0,12.3,11.85
2023-02-01,5.5,14.66,11.83
2023-02-02,1.5,8.52,10.89
2023-02-03,3.5,11.0,12.28
2023-02-04,1.5,10.66,11.73
2023-02-05,4.0,12.29,11.95
2023-02-06,6.5,18.31,12.46
2023-02-07,2.0,9.72,11.22
2023-02-08,0.5,7.89,11.41
2023-02-09,1.0,15.16,12.52
2023-02-10,1.5,15.93,12.68
2023-02-11,3.0,14.65,12.34
2023-02-12,3.0,10.05,12.43
2023-02-13,-1.5,8.78,12.05
2023-02-14,0.0,12.65,11.72
2023-02-15,0.0,10.58,12.22
2023-02-16,-2.0,16.73,12.02
2023-02-17,2.0,11.88,12.36
2023-02-18,1.5,13.59,13.48
2023-02-19,2.5,18.5,14.16
2023-02-20,4.0,15.28,14.32
2023-02-21,3.5,9.91,13.83
2023-02-22,4.0,15.92,15.05
2023-02-23,2.0,11.28,13.79
2023-02-24,3.5,10.01,13.8
2023-02-25,5.5,9.4,13.85
2023-02-26,8.5,13.25,14.34
2023-02-27,10.5,13.59,14.55
2023-02-28,11.0,16.93,14.79
2023-03-01,10.0,22.34,15.07
2023-03-02,5.5,19.55,14.62
2023-03-03,9.5,14.16,15.37
2023-03-04,7.5,14.68,15.21
2023-03-05,7.5,13.64,15.51
2023-03-06,8.0,13.09,15.16
2023-03-07,8.5,10.16,15.36
2023-03-08,11.0,14.76,15.53
2023-03-09,11.5,19.55,15.59
2023-03-10,11.0,25.75,15.84
2023-03-11,14.0,18.21,15.49
2023-03-12,16.5,24.93,15.51
2023-03-13,8.5,18.84,15.8
2023-03-14,10.5,15.85,16.57
2023-03-15,14.5,37.38,17.55
2023-03-16,12.0,24.34,17.01
2023-03-17,12.0,14.5,16.65
2023-03-18,14.5,14.19,16.57
2023-03-19,9.0,16.45,16.56
2023-03-20,6.5,7.69,16.64
2023-03-21,6.5,9.76,16.82
2023-03-22,11.0,21.51,17.15
2023-03-23,13.0,22.61,17.44
2023-03-24,9.5,8.78,17.29
